{"cameraMode":{"drawMode":0,"name":"Shaded","section":"Shading Mode"},"sceneLighting":true,"audioPlay":false,"sceneViewState":{"m_AlwaysRefresh":true,"showFog":true,"showSkybox":true,"showFlares":true,"showImageEffects":true,"showParticleSystems":true,"showVisualEffectGraphs":true,"m_FxEnabled":true},"in2DMode":false,"pivot":{"x":-28.156570434570314,"y":9.883315086364746,"z":12.742650032043457},"rotation":{"x":0.13610918819904328,"y":0.47672465443611147,"z":-0.07496313750743866,"w":0.8653624057769775},"size":0.2660253643989563,"orthographic":false}