{"cameraMode":{"drawMode":0,"name":"Shaded","section":"Shading Mode"},"sceneLighting":true,"audioPlay":false,"sceneViewState":{"m_AlwaysRefresh":true,"showFog":true,"showSkybox":true,"showFlares":true,"showImageEffects":true,"showParticleSystems":true,"showVisualEffectGraphs":true,"m_FxEnabled":true},"in2DMode":false,"pivot":{"x":-24.13176918029785,"y":12.807111740112305,"z":2.037519931793213},"rotation":{"x":0.16220542788505555,"y":0.08380603045225144,"z":-0.013814806006848812,"w":0.983228862285614},"size":0.8660253882408142,"orthographic":false}